INSERT INTO bags.Models (model_id, name_of_model, color, cost_price, cost, comment) VALUES
    (1, 'Ottawa', 'brown', 900, 2100, 'хорошее качество'),
    (2, 'Ottawa', 'black', 900, 2100, 'плохой запах'),
    (3, 'Toronto', 'brown', 750, 1800, NULL),
    (4, 'Vancouver', 'burgundy', 1200, 2800, 'много дефектов'),
    (5, 'Montreal', 'dark brown', 800, 2000, NULL),
    (6, 'Montreal', 'black', 800, 2000, NULL),
    (7, 'Calgary', 'light brown', 1000, 2500, 'часто возвращают'),
    (8, 'Dublin', 'orange', 1500, 3500, 'нужно сделать фото получше'),
    (9, 'Dublin', 'black', 1500, 3500, 'нужно сделать фото получше'),
    (10, 'Fraser', 'dark brown', 1300, 3100, NULL),
    (11, 'Halifax', 'black', 1200, 3000, NULL),
    (12, 'Ontario', 'black', 550, NULL, 'пересмотреть цену'),
    (13, 'Ontario', 'brown', 500, NULL, 'пересмотреть цену'),
    (14, 'Yukon', 'burgundy', 700, 1650, 'нужны фотографии'),
    (15, 'Jasper', 'light brown', 580, 1350, NULL),
    (16, 'Montreal 2', 'brown', 1400, 3200, 'кривой передний клапан'),
    (17, 'Montreal 2', 'black', 1350, 3200, 'кривой передний клапан'),
    (18, 'Ottawa 2', 'dark brown', 1200, NULL, 'прикинуть цену'),
    (19, 'Ottawa 2', 'black', 1100, NULL, 'прикинуть цену');
    
INSERT INTO bags.Customers (customer_id, first_name, second_name, city, pickup_address, comment) VALUES
    (1, 'Иван', 'Петров', 'Москва', 'ул. Тверская, д. 15', 'Постоянный клиент'),
    (2, 'Елена', 'Смирнова', 'Санкт-Петербург', 'Невский пр-т, д. 25', '2 раза вернул не открыв'),
    (3, 'Алексей', 'Козлов', 'Москва', 'ул. Арбат, д. 30', 'Оправдывает фамилию, не отправлять!'),
    (4, 'Ольга', 'Новикова', 'Екатеринбург', 'ул. Ленина, д. 42', NULL),
    (5, 'Дмитрий', 'Волков', 'Новосибирск', 'Красный пр-т, д. 18', 'Подменил сумку'),
    (6, 'Анна', 'Павлова', 'Казань', 'ул. Баумана, д. 7', NULL),
    (7, 'Сергей', 'Лебедев', 'Москва', 'ул. Новый Арбат, д. 22', 'Выкупил уже 3 сумки, положить подарок в следующий раз!'),
    (8, 'Мария', 'Соколова', 'Краснодар', 'ул. Красная, д. 35', 'Написала плохой отзыв'),
    (9, 'Андрей', 'Кузнецов', 'Ростов-на-Дону', 'ул. Большая Садовая, д. 12', NULL),
    (10, 'Наталья', 'Попова', 'Владивосток', 'ул. Светланская, д. 48', 'Долгая доставка'),
    (11, 'Артем', 'Васильев', 'Самара', 'ул. Куйбышева, д. 29', 'Согласен только с описью вложения'),
    (12, 'Юлия', 'Зайцева', 'Уфа', 'ул. Ленина, д. 33', NULL),
    (13, 'Павел', 'Орлов', 'Красноярск', 'ул. Карла Маркса, д. 51', NULL),
    (14, 'Ирина', 'Морозова', 'Пермь', 'ул. Попова, д. 16', NULL),
    (15, 'Владимир', 'Алексеев', 'Воронеж', 'пр-т Революции, д. 27', 'Аферисты с Ozon'),
    (16, 'Светлана', 'Никитина', 'Волгоград', 'ул. Мира, д. 39', NULL),
    (17, 'Михаил', 'Федоров', 'Саратов', 'ул. Московская, д. 44', NULL),
    (18, 'Татьяна', 'Медведева', 'Тюмень', 'ул. Республики, д. 31', 'Не отправлять, неадекватный'),
    (19, 'Роман', 'Егоров', 'Ижевск', 'ул. Пушкинская, д. 26', NULL),
    (20, 'Людмила', 'Ковалева', 'Омск', 'ул. Ленина, д. 53', 'Просит только СДЭК');
    
INSERT INTO bags.Delivery (delivery_id, name_of_company, address_of_warehouse, personal_manager_phone) VALUES
    (1, 'СДЭК', 'Москва, ш. Энтузиастов, д. 12, стр. 1', '+7-495-111-22-33'),
    (2, 'СДЭК', 'Москва, ул. Лобненская, д. 17', '+7-495-222-33-44'),
    (3, 'СДЭК', 'Москва, Хорошевское ш., д. 38', '+7-495-333-44-55'),
    (4, 'ПочтаРоссии', 'Москва, ул. Варшавское ш., д. 37', '+7-495-444-55-66'),
    (5, 'Яндекс.Маркет', 'Москва, ул. Льва Толстого, д. 16', '+7-495-555-66-77'),
    (6, 'Яндекс.Маркет', 'Москва, ул. Клары Цеткин, д. 18', '+7-495-666-77-88'),
    (7, 'Wildberries', 'Москва, ул. Новорязанская, д. 24', '+7-495-777-88-99'),
    (8, 'Wildberries', 'Москва, пр-т Вернадского, д. 86', '+7-495-888-99-00'),
    (9, 'Wildberries', 'Москва, ул. Вавилова, д. 45', '+7-495-999-00-11'),
    (10, 'Wildberries', 'Москва, Ленинградский пр-т, д. 52', '+7-495-000-11-22'),
    (11, 'OZON', 'Москва, ул. Тимура Фрунзе, д. 28', '+7-495-111-33-44'),
    (12, 'OZON', 'Москва, ул. Дубравная, д. 113', '+7-495-222-44-55'),
    (13, 'OZON', 'Москва, ул. Маршала Тухачевского, д. 74', '+7-495-333-55-66'),
    (14, 'Boxberry', 'Москва, ул. Генерала Белова, д. 39', '+7-495-444-66-77'),
    (15, 'Boxberry', 'Москва, ул. Борисовские Пруды, д. 61', '+7-495-555-77-88');

INSERT INTO bags.Features (feature_id, name_of_feature, cost) VALUES
    (1, 'Срочная доставка', 700),
    (2, 'Опись вложения', 500),
    (3, 'Бережная доставка', 800),
    (4, 'Доставка курьером', 1350),
    (5, 'Доставка в праздничные дни', 1400),
    (6, 'Срочная доставка в праздничные дни', 1800),
    (7, 'Несколько сумок на выбор', 1500),
    (8, 'Доставка ко времени', 1450),
    (9, 'СМС-уведомления', 150),
    (10, 'Проделение срока храниния до месяца', 1250),
    (11, 'Проделение срока храниния до 2 недель', 780),
    (12, 'Доставка по Москве', 700),
    (13, 'Оптала по факту получения', 200),
    (14, 'Видео процесса упаковки', 350),
    (15, 'Срочная доставка с оплатой по факту получения', 900);
    
INSERT INTO bags.Marketing (web_id, model_id, quantity_of_clicks, quantity_of_orders, start_date, finish_date) VALUES
    (1, 1, 2450, 34, '2024-01-10', '2024-01-31'),
    (2, 2, 1890, 28, '2024-01-10', '2024-01-31'),
    (3, 3, 3120, 45, '2024-01-15', '2024-02-05'),
    (4, 4, 1560, 12, '2024-01-20', '2024-02-10'),
    (5, 5, 2780, 38, '2024-02-01', '2024-02-20'),
    (6, 6, 2640, 36, '2024-02-01', '2024-02-20'),
    (7, 7, 1230, 8, '2024-02-10', '2024-03-02'),
    (8, 8, 890, 5, '2024-02-15', '2024-03-07'),
    (9, 9, 950, 6, '2024-02-15', '2024-03-07'),
    (10, 10, 1870, 25, '2024-03-01', '2024-03-22'),
    (11, 11, 2030, 29, '2024-03-05', '2024-03-26'),
    (12, 12, 1980, 31, '2024-03-10', '2024-03-31'),
    (13, 13, 1760, 26, '2024-03-10', '2024-03-31'),
    (14, 14, 2890, 42, '2024-03-15', '2024-04-05'),
    (15, 15, 1340, 10, '2024-03-20', '2024-04-10'),
    (16, 16, 2450, 35, '2024-04-01', '2024-04-22'),
    (17, 17, 2310, 33, '2024-04-01', '2024-04-22'),
    (18, 1, 2250, 32, '2024-04-05', '2024-04-26'),
    (19, 2, 1950, 29, '2024-04-05', '2024-04-26'),
    (20, 3, 2980, 43, '2024-04-10', '2024-05-01'),
    (21, 4, 1420, 11, '2024-04-15', '2024-05-06'),
    (22, 5, 2650, 37, '2024-04-20', '2024-05-11'),
    (23, 6, 2510, 35, '2024-04-20', '2024-05-11'),
    (24, 7, 1380, 10, '2024-05-01', '2024-05-22'),
    (25, 8, 1020, 7, '2024-05-05', '2024-05-26'),
    (26, 9, 1080, 8, '2024-05-05', '2024-05-26'),
    (27, 10, 2150, 30, '2024-05-10', '2024-05-31'),
    (28, 11, 2280, 33, '2024-05-15', '2024-06-05'),
    (29, 12, 3350, 49, '2024-05-20', '2024-06-10'),
    (30, 13, 3080, 45, '2024-05-20', '2024-06-10'),
    (31, 14, 1780, 25, '2024-06-01', '2024-06-22'),
    (32, 15, 1450, 12, '2024-06-05', '2024-06-26'),
    (33, 16, 2550, 38, '2024-06-10', '2024-07-01'),
    (34, 17, 2410, 36, '2024-06-10', '2024-07-01'),
    (35, 1, 2350, 35, '2024-06-15', '2024-07-06'),
    (36, 2, 2050, 31, '2024-06-15', '2024-07-06'),
    (37, 3, 3220, 47, '2024-06-20', '2024-07-11'),
    (38, 4, 1520, 13, '2024-07-01', '2024-07-22'),
    (39, 5, 2720, 40, '2024-07-05', '2024-07-26'),
    (40, 6, 2580, 38, '2024-07-05', '2024-07-26'),
    (41, 7, 1480, 12, '2024-07-10', '2024-07-31'),
    (42, 8, 1120, 9, '2024-07-15', '2024-08-05'),
    (43, 9, 1180, 10, '2024-07-15', '2024-08-05'),
    (44, 10, 2250, 32, '2024-07-20', '2024-08-10'),
    (45, 11, 2380, 35, '2024-07-25', '2024-08-15');
    
INSERT INTO bags.Delivery_company_features (delivery_id, feature_id) VALUES
SELECT 
    d.delivery_id,
    f.feature_id
FROM 
    bags.Delivery d
CROSS JOIN
    bags.Features f
WHERE
    d.name_of_company = 'OZON' and f.feature_id > 9
    OR d.name_of_company = 'Wildberries' and f.feature_id BETWEEN 4 AND 8
    OR f.feature_id < 4 OR f.feature = 9


INSERT INTO bags.Orders (order_id, model_id, customer_id, delivery_id, order_date, comment) VALUES
    INSERT INTO bags.Orders (order_id, model_id, customer_id, delivery_id, order_date, comment) VALUES
    (1, 3, 7, 5, '2024-01-15', NULL),
    (2, 1, 2, 3, '2024-01-18', 'Перепутали сумку'),
    (3, 5, 15, 12, '2024-01-20', 'Положили подарок'),
    (4, 2, 4, 7, '2024-01-22', NULL),
    (5, 6, 1, 1, '2024-01-25', 'Подмена сумки'),
    (6, 3, 18, 9, '2024-01-28', 'Хороший отзыв'),
    (7, 7, 9, 14, '2024-02-01', NULL),
    (8, 4, 12, 6, '2024-02-03', 'Скорее всего возврат'),
    (9, 1, 20, 2, '2024-02-05', NULL),
    (10, 8, 3, 11, '2024-02-08', NULL),
    (11, 9, 6, 8, '2024-02-10', NULL),
    (12, 5, 14, 4, '2024-02-12', 'Лид от конкурента'),
    (13, 2, 11, 13, '2024-02-15', NULL),
    (14, 10, 8, 10, '2024-02-18', 'Плохой отзыв в прошлый раз'),
    (15, 6, 16, 15, '2024-02-20', NULL),
    (16, 3, 5, 7, '2024-02-22', 'Потерпевший'),
    (17, 1, 19, 5, '2024-02-25', NULL),
    (18, 7, 13, 3, '2024-02-28', NULL),
    (19, 4, 17, 1, '2024-03-02', 'Потерялась при доставке'),
    (20, 2, 10, 9, '2024-03-05', NULL),
    (21, 11, 7, 12, '2024-03-08', 'Третий заказ от этого клиента'),
    (22, 5, 2, 14, '2024-03-10', 'Возврат'),
    (23, 3, 15, 6, '2024-03-12', 'Аферист'),
    (24, 6, 4, 8, '2024-03-15', NULL),
    (25, 1, 18, 11, '2024-03-18', 'Неадекватный'),
    (26, 8, 1, 4, '2024-03-20', 'Постоянный клиент'),
    (27, 9, 9, 13, '2024-03-22', NULL),
    (28, 10, 12, 2, '2024-03-25', NULL),
    (29, 2, 20, 10, '2024-03-28', NULL),
    (30, 4, 3, 15, '2024-03-30', 'Не подошёл размер'),
    (31, 3, 6, 7, '2024-04-02', NULL),
    (32, 5, 14, 5, '2024-04-05', 'Хороший отзыв'),
    (33, 1, 11, 3, '2024-04-08', 'Согласен только с описью'),
    (34, 7, 8, 1, '2024-04-10', 'Написала плохой отзыв'),
    (35, 6, 16, 9, '2024-04-12', 'По рекомендации'),
    (36, 2, 5, 12, '2024-04-15', 'Уже 2 сумки вернул'),
    (37, 11, 13, 14, '2024-04-18', NULL),
    (38, 3, 17, 6, '2024-04-20', NULL),
    (39, 1, 10, 8, '2024-04-22', '2 раза вернул не открыв'),
    (40, 4, 19, 11, '2024-04-25', 'В подарок, упаковать красиво');
